subject_id,difficulty_level,time_when_presented,problem,correct_answer,subject_answer,time_when_answered
1,1,1.69766688347,3+8,11.0,1,2.62002897263
1,1,3.03112697601,8+0,8.0,1,3.40283894539
1,1,3.98179888725,1+3,4.0,1,4.39274787903
1,1,4.74837303162,1+4,5.0,1,5.05549287796
1,1,5.35535693169,8+7,15.0,1,5.6547369957
1,1,5.94642782211,4+5,9.0,1,6.24566984177
1,1,6.54527592659,2+7,9.0,1,6.99691987038
